year,qualfield,gender_detail,lfs,count,pc,group,married,agegroup,code,gender,childgroup,child,mfc,bach,uniform,field,.group
2006,B. Commerce,f,"Employed, worked full-time",NA,0.852504638218924,lfs.24.uniform,NA,24,f,f,FALSE,NA,NA,TRUE,TRUE,Commerce,11
2006,B. Commerce,f,"Employed, worked part-time",NA,0.06539888682745826,lfs.24.uniform,NA,24,f,f,FALSE,NA,NA,TRUE,TRUE,Commerce,12
2006,B. Commerce,f,"Employed, away from work",NA,0.03826530612244898,lfs.24.uniform,NA,24,f,f,FALSE,NA,NA,TRUE,TRUE,Commerce,13
2006,B. Commerce,f,Not in the labour force,NA,0.02411873840445269,lfs.24.uniform,NA,24,f,f,FALSE,NA,NA,TRUE,TRUE,Commerce,14
2006,B. Commerce,f,Unemployed,NA,0.01971243042671614,lfs.24.uniform,NA,24,f,f,FALSE,NA,NA,TRUE,TRUE,Commerce,15
2006,B. Education,f,"Employed, worked full-time",NA,0.7461152283050442,lfs.24.uniform,NA,24,f,f,FALSE,NA,NA,TRUE,TRUE,Education,21
2006,B. Education,f,"Employed, worked part-time",NA,0.18407841262251973,lfs.24.uniform,NA,24,f,f,FALSE,NA,NA,TRUE,TRUE,Education,22
2006,B. Education,f,"Employed, away from work",NA,0.031317236433181926,lfs.24.uniform,NA,24,f,f,FALSE,NA,NA,TRUE,TRUE,Education,23
2006,B. Education,f,Not in the labour force,NA,0.030121922065503227,lfs.24.uniform,NA,24,f,f,FALSE,NA,NA,TRUE,TRUE,Education,24
2006,B. Education,f,Unemployed,NA,0.008367200573750896,lfs.24.uniform,NA,24,f,f,FALSE,NA,NA,TRUE,TRUE,Education,25
2006,B. Engineering,f,"Employed, worked full-time",NA,0.7952941176470588,lfs.24.uniform,NA,24,f,f,FALSE,NA,NA,TRUE,TRUE,Engineering,31
2006,B. Engineering,f,"Employed, worked part-time",NA,0.058823529411764705,lfs.24.uniform,NA,24,f,f,FALSE,NA,NA,TRUE,TRUE,Engineering,32
2006,B. Engineering,f,"Employed, away from work",NA,0.07058823529411765,lfs.24.uniform,NA,24,f,f,FALSE,NA,NA,TRUE,TRUE,Engineering,33
2006,B. Engineering,f,Not in the labour force,NA,0.04,lfs.24.uniform,NA,24,f,f,FALSE,NA,NA,TRUE,TRUE,Engineering,34
2006,B. Engineering,f,Unemployed,NA,0.03529411764705882,lfs.24.uniform,NA,24,f,f,FALSE,NA,NA,TRUE,TRUE,Engineering,35
2006,B. Humanities,f,"Employed, worked full-time",NA,0.6821305841924399,lfs.24.uniform,NA,24,f,f,FALSE,NA,NA,TRUE,TRUE,Humanities,41
2006,B. Humanities,f,"Employed, worked part-time",NA,0.17525773195876287,lfs.24.uniform,NA,24,f,f,FALSE,NA,NA,TRUE,TRUE,Humanities,42
2006,B. Humanities,f,"Employed, away from work",NA,0.05670103092783505,lfs.24.uniform,NA,24,f,f,FALSE,NA,NA,TRUE,TRUE,Humanities,43
2006,B. Humanities,f,Not in the labour force,NA,0.061855670103092786,lfs.24.uniform,NA,24,f,f,FALSE,NA,NA,TRUE,TRUE,Humanities,44
2006,B. Humanities,f,Unemployed,NA,0.024054982817869417,lfs.24.uniform,NA,24,f,f,FALSE,NA,NA,TRUE,TRUE,Humanities,45
2006,B. IT,f,"Employed, worked full-time",NA,0.8556149732620321,lfs.24.uniform,NA,24,f,f,FALSE,NA,NA,TRUE,TRUE,IT,51
2006,B. IT,f,"Employed, worked part-time",NA,0.05525846702317291,lfs.24.uniform,NA,24,f,f,FALSE,NA,NA,TRUE,TRUE,IT,52
2006,B. IT,f,"Employed, away from work",NA,0.0285204991087344,lfs.24.uniform,NA,24,f,f,FALSE,NA,NA,TRUE,TRUE,IT,53
2006,B. IT,f,Not in the labour force,NA,0.026737967914438502,lfs.24.uniform,NA,24,f,f,FALSE,NA,NA,TRUE,TRUE,IT,54
2006,B. IT,f,Unemployed,NA,0.0338680926916221,lfs.24.uniform,NA,24,f,f,FALSE,NA,NA,TRUE,TRUE,IT,55
2006,B. Law,f,"Employed, worked full-time",NA,0.8498212157330155,lfs.24.uniform,NA,24,f,f,FALSE,NA,NA,TRUE,TRUE,Law,61
2006,B. Law,f,"Employed, worked part-time",NA,0.060786650774731825,lfs.24.uniform,NA,24,f,f,FALSE,NA,NA,TRUE,TRUE,Law,62
2006,B. Law,f,"Employed, away from work",NA,0.03098927294398093,lfs.24.uniform,NA,24,f,f,FALSE,NA,NA,TRUE,TRUE,Law,63
2006,B. Law,f,Not in the labour force,NA,0.029797377830750895,lfs.24.uniform,NA,24,f,f,FALSE,NA,NA,TRUE,TRUE,Law,64
2006,B. Law,f,Unemployed,NA,0.028605482717520857,lfs.24.uniform,NA,24,f,f,FALSE,NA,NA,TRUE,TRUE,Law,65
2006,B. Medicine,f,"Employed, worked full-time",NA,0.8848167539267016,lfs.24.uniform,NA,24,f,f,FALSE,NA,NA,TRUE,TRUE,Medicine,71
2006,B. Medicine,f,"Employed, worked part-time",NA,0.010471204188481676,lfs.24.uniform,NA,24,f,f,FALSE,NA,NA,TRUE,TRUE,Medicine,72
2006,B. Medicine,f,"Employed, away from work",NA,0.10471204188481675,lfs.24.uniform,NA,24,f,f,FALSE,NA,NA,TRUE,TRUE,Medicine,73
2006,B. Medicine,f,Not in the labour force,NA,0,lfs.24.uniform,NA,24,f,f,FALSE,NA,NA,TRUE,TRUE,Medicine,74
2006,B. Medicine,f,Unemployed,NA,0,lfs.24.uniform,NA,24,f,f,FALSE,NA,NA,TRUE,TRUE,Medicine,75
2006,B. Nursing,f,"Employed, worked full-time",NA,0.6845199216198563,lfs.24.uniform,NA,24,f,f,FALSE,NA,NA,TRUE,TRUE,Nursing,81
2006,B. Nursing,f,"Employed, worked part-time",NA,0.20313520574787722,lfs.24.uniform,NA,24,f,f,FALSE,NA,NA,TRUE,TRUE,Nursing,82
2006,B. Nursing,f,"Employed, away from work",NA,0.07968647942521227,lfs.24.uniform,NA,24,f,f,FALSE,NA,NA,TRUE,TRUE,Nursing,83
2006,B. Nursing,f,Not in the labour force,NA,0.02612671456564337,lfs.24.uniform,NA,24,f,f,FALSE,NA,NA,TRUE,TRUE,Nursing,84
2006,B. Nursing,f,Unemployed,NA,0.006531678641410843,lfs.24.uniform,NA,24,f,f,FALSE,NA,NA,TRUE,TRUE,Nursing,85
2006,B. Other health,f,"Employed, worked full-time",NA,0.8268805309734514,lfs.24.uniform,NA,24,f,f,FALSE,NA,NA,TRUE,TRUE,Other health,91
2006,B. Other health,f,"Employed, worked part-time",NA,0.10176991150442478,lfs.24.uniform,NA,24,f,f,FALSE,NA,NA,TRUE,TRUE,Other health,92
2006,B. Other health,f,"Employed, away from work",NA,0.04092920353982301,lfs.24.uniform,NA,24,f,f,FALSE,NA,NA,TRUE,TRUE,Other health,93
2006,B. Other health,f,Not in the labour force,NA,0.02267699115044248,lfs.24.uniform,NA,24,f,f,FALSE,NA,NA,TRUE,TRUE,Other health,94
2006,B. Other health,f,Unemployed,NA,0.007743362831858407,lfs.24.uniform,NA,24,f,f,FALSE,NA,NA,TRUE,TRUE,Other health,95
2006,B. Performing Arts,f,"Employed, worked full-time",NA,0.48,lfs.24.uniform,NA,24,f,f,FALSE,NA,NA,TRUE,TRUE,Performing Arts,101
2006,B. Performing Arts,f,"Employed, worked part-time",NA,0.396,lfs.24.uniform,NA,24,f,f,FALSE,NA,NA,TRUE,TRUE,Performing Arts,102
2006,B. Performing Arts,f,"Employed, away from work",NA,0.036,lfs.24.uniform,NA,24,f,f,FALSE,NA,NA,TRUE,TRUE,Performing Arts,103
2006,B. Performing Arts,f,Not in the labour force,NA,0.06,lfs.24.uniform,NA,24,f,f,FALSE,NA,NA,TRUE,TRUE,Performing Arts,104
2006,B. Performing Arts,f,Unemployed,NA,0.028,lfs.24.uniform,NA,24,f,f,FALSE,NA,NA,TRUE,TRUE,Performing Arts,105
2006,B. Science (excl maths),f,"Employed, worked full-time",NA,0.7633136094674556,lfs.24.uniform,NA,24,f,f,FALSE,NA,NA,TRUE,TRUE,Science (excl maths),111
2006,B. Science (excl maths),f,"Employed, worked part-time",NA,0.1301775147928994,lfs.24.uniform,NA,24,f,f,FALSE,NA,NA,TRUE,TRUE,Science (excl maths),112
2006,B. Science (excl maths),f,"Employed, away from work",NA,0.05409974640743871,lfs.24.uniform,NA,24,f,f,FALSE,NA,NA,TRUE,TRUE,Science (excl maths),113
2006,B. Science (excl maths),f,Not in the labour force,NA,0.0338123415046492,lfs.24.uniform,NA,24,f,f,FALSE,NA,NA,TRUE,TRUE,Science (excl maths),114
2006,B. Science (excl maths),f,Unemployed,NA,0.018596787827557058,lfs.24.uniform,NA,24,f,f,FALSE,NA,NA,TRUE,TRUE,Science (excl maths),115
2006,Y12,f,"Employed, worked full-time",NA,0.5503196930946291,lfs.24.uniform,NA,24,f,f,FALSE,NA,NA,TRUE,TRUE,Y12,121
2006,Y12,f,"Employed, worked part-time",NA,0.17519181585677748,lfs.24.uniform,NA,24,f,f,FALSE,NA,NA,TRUE,TRUE,Y12,122
2006,Y12,f,"Employed, away from work",NA,0.04354219948849105,lfs.24.uniform,NA,24,f,f,FALSE,NA,NA,TRUE,TRUE,Y12,123
2006,Y12,f,Not in the labour force,NA,0.19494884910485932,lfs.24.uniform,NA,24,f,f,FALSE,NA,NA,TRUE,TRUE,Y12,124
2006,Y12,f,Unemployed,NA,0.035997442455242966,lfs.24.uniform,NA,24,f,f,FALSE,NA,NA,TRUE,TRUE,Y12,125
2011,B. Commerce,f,"Employed, worked full-time",NA,0.8412519702769646,lfs.24.uniform,NA,24,f,f,FALSE,NA,NA,TRUE,TRUE,Commerce,141
2011,B. Commerce,f,"Employed, worked part-time",NA,0.08106282368835847,lfs.24.uniform,NA,24,f,f,FALSE,NA,NA,TRUE,TRUE,Commerce,142
2011,B. Commerce,f,"Employed, away from work",NA,0.03287547849583427,lfs.24.uniform,NA,24,f,f,FALSE,NA,NA,TRUE,TRUE,Commerce,143
2011,B. Commerce,f,Not in the labour force,NA,0.025895068678225625,lfs.24.uniform,NA,24,f,f,FALSE,NA,NA,TRUE,TRUE,Commerce,144
2011,B. Commerce,f,Unemployed,NA,0.018914658860616978,lfs.24.uniform,NA,24,f,f,FALSE,NA,NA,TRUE,TRUE,Commerce,145
2011,B. Education,f,"Employed, worked full-time",NA,0.7525432349949135,lfs.24.uniform,NA,24,f,f,FALSE,NA,NA,TRUE,TRUE,Education,151
2011,B. Education,f,"Employed, worked part-time",NA,0.18514750762970497,lfs.24.uniform,NA,24,f,f,FALSE,NA,NA,TRUE,TRUE,Education,152
2011,B. Education,f,"Employed, away from work",NA,0.030773143438453714,lfs.24.uniform,NA,24,f,f,FALSE,NA,NA,TRUE,TRUE,Education,153
2011,B. Education,f,Not in the labour force,NA,0.020600203458799593,lfs.24.uniform,NA,24,f,f,FALSE,NA,NA,TRUE,TRUE,Education,154
2011,B. Education,f,Unemployed,NA,0.01093591047812818,lfs.24.uniform,NA,24,f,f,FALSE,NA,NA,TRUE,TRUE,Education,155
2011,B. Engineering,f,"Employed, worked full-time",NA,0.8783783783783784,lfs.24.uniform,NA,24,f,f,FALSE,NA,NA,TRUE,TRUE,Engineering,161
2011,B. Engineering,f,"Employed, worked part-time",NA,0.07297297297297298,lfs.24.uniform,NA,24,f,f,FALSE,NA,NA,TRUE,TRUE,Engineering,162
2011,B. Engineering,f,"Employed, away from work",NA,0.01891891891891892,lfs.24.uniform,NA,24,f,f,FALSE,NA,NA,TRUE,TRUE,Engineering,163
2011,B. Engineering,f,Not in the labour force,NA,0.01891891891891892,lfs.24.uniform,NA,24,f,f,FALSE,NA,NA,TRUE,TRUE,Engineering,164
2011,B. Engineering,f,Unemployed,NA,0.010810810810810811,lfs.24.uniform,NA,24,f,f,FALSE,NA,NA,TRUE,TRUE,Engineering,165
2011,B. Humanities,f,"Employed, worked full-time",NA,0.6782752902155887,lfs.24.uniform,NA,24,f,f,FALSE,NA,NA,TRUE,TRUE,Humanities,171
2011,B. Humanities,f,"Employed, worked part-time",NA,0.21393034825870647,lfs.24.uniform,NA,24,f,f,FALSE,NA,NA,TRUE,TRUE,Humanities,172
2011,B. Humanities,f,"Employed, away from work",NA,0.03648424543946932,lfs.24.uniform,NA,24,f,f,FALSE,NA,NA,TRUE,TRUE,Humanities,173
2011,B. Humanities,f,Not in the labour force,NA,0.04477611940298507,lfs.24.uniform,NA,24,f,f,FALSE,NA,NA,TRUE,TRUE,Humanities,174
2011,B. Humanities,f,Unemployed,NA,0.026533996683250415,lfs.24.uniform,NA,24,f,f,FALSE,NA,NA,TRUE,TRUE,Humanities,175
2011,B. IT,f,"Employed, worked full-time",NA,0.8181818181818182,lfs.24.uniform,NA,24,f,f,FALSE,NA,NA,TRUE,TRUE,IT,181
2011,B. IT,f,"Employed, worked part-time",NA,0.07792207792207792,lfs.24.uniform,NA,24,f,f,FALSE,NA,NA,TRUE,TRUE,IT,182
2011,B. IT,f,"Employed, away from work",NA,0.012987012987012988,lfs.24.uniform,NA,24,f,f,FALSE,NA,NA,TRUE,TRUE,IT,183
2011,B. IT,f,Not in the labour force,NA,0.05194805194805195,lfs.24.uniform,NA,24,f,f,FALSE,NA,NA,TRUE,TRUE,IT,184
2011,B. IT,f,Unemployed,NA,0.03896103896103896,lfs.24.uniform,NA,24,f,f,FALSE,NA,NA,TRUE,TRUE,IT,185
2011,B. Law,f,"Employed, worked full-time",NA,0.8146453089244852,lfs.24.uniform,NA,24,f,f,FALSE,NA,NA,TRUE,TRUE,Law,191
2011,B. Law,f,"Employed, worked part-time",NA,0.08924485125858124,lfs.24.uniform,NA,24,f,f,FALSE,NA,NA,TRUE,TRUE,Law,192
2011,B. Law,f,"Employed, away from work",NA,0.030892448512585814,lfs.24.uniform,NA,24,f,f,FALSE,NA,NA,TRUE,TRUE,Law,193
2011,B. Law,f,Not in the labour force,NA,0.036613272311212815,lfs.24.uniform,NA,24,f,f,FALSE,NA,NA,TRUE,TRUE,Law,194
2011,B. Law,f,Unemployed,NA,0.028604118993135013,lfs.24.uniform,NA,24,f,f,FALSE,NA,NA,TRUE,TRUE,Law,195
2011,B. Medicine,f,"Employed, worked full-time",NA,0.9299610894941635,lfs.24.uniform,NA,24,f,f,FALSE,NA,NA,TRUE,TRUE,Medicine,201
2011,B. Medicine,f,"Employed, worked part-time",NA,0.019455252918287938,lfs.24.uniform,NA,24,f,f,FALSE,NA,NA,TRUE,TRUE,Medicine,202
2011,B. Medicine,f,"Employed, away from work",NA,0.05058365758754864,lfs.24.uniform,NA,24,f,f,FALSE,NA,NA,TRUE,TRUE,Medicine,203
2011,B. Medicine,f,Not in the labour force,NA,0,lfs.24.uniform,NA,24,f,f,FALSE,NA,NA,TRUE,TRUE,Medicine,204
2011,B. Medicine,f,Unemployed,NA,0,lfs.24.uniform,NA,24,f,f,FALSE,NA,NA,TRUE,TRUE,Medicine,205
2011,B. Nursing,f,"Employed, worked full-time",NA,0.6666666666666666,lfs.24.uniform,NA,24,f,f,FALSE,NA,NA,TRUE,TRUE,Nursing,211
2011,B. Nursing,f,"Employed, worked part-time",NA,0.2360215053763441,lfs.24.uniform,NA,24,f,f,FALSE,NA,NA,TRUE,TRUE,Nursing,212
2011,B. Nursing,f,"Employed, away from work",NA,0.06182795698924731,lfs.24.uniform,NA,24,f,f,FALSE,NA,NA,TRUE,TRUE,Nursing,213
2011,B. Nursing,f,Not in the labour force,NA,0.027419354838709678,lfs.24.uniform,NA,24,f,f,FALSE,NA,NA,TRUE,TRUE,Nursing,214
2011,B. Nursing,f,Unemployed,NA,0.008064516129032258,lfs.24.uniform,NA,24,f,f,FALSE,NA,NA,TRUE,TRUE,Nursing,215
2011,B. Other health,f,"Employed, worked full-time",NA,0.8097497842968076,lfs.24.uniform,NA,24,f,f,FALSE,NA,NA,TRUE,TRUE,Other health,221
2011,B. Other health,f,"Employed, worked part-time",NA,0.12381363244176014,lfs.24.uniform,NA,24,f,f,FALSE,NA,NA,TRUE,TRUE,Other health,222
2011,B. Other health,f,"Employed, away from work",NA,0.04055220017256255,lfs.24.uniform,NA,24,f,f,FALSE,NA,NA,TRUE,TRUE,Other health,223
2011,B. Other health,f,Not in the labour force,NA,0.01639344262295082,lfs.24.uniform,NA,24,f,f,FALSE,NA,NA,TRUE,TRUE,Other health,224
2011,B. Other health,f,Unemployed,NA,0.009490940465918895,lfs.24.uniform,NA,24,f,f,FALSE,NA,NA,TRUE,TRUE,Other health,225
2011,B. Performing Arts,f,"Employed, worked full-time",NA,0.4418604651162791,lfs.24.uniform,NA,24,f,f,FALSE,NA,NA,TRUE,TRUE,Performing Arts,231
2011,B. Performing Arts,f,"Employed, worked part-time",NA,0.46511627906976744,lfs.24.uniform,NA,24,f,f,FALSE,NA,NA,TRUE,TRUE,Performing Arts,232
2011,B. Performing Arts,f,"Employed, away from work",NA,0.023255813953488372,lfs.24.uniform,NA,24,f,f,FALSE,NA,NA,TRUE,TRUE,Performing Arts,233
2011,B. Performing Arts,f,Not in the labour force,NA,0.06201550387596899,lfs.24.uniform,NA,24,f,f,FALSE,NA,NA,TRUE,TRUE,Performing Arts,234
2011,B. Performing Arts,f,Unemployed,NA,0.007751937984496124,lfs.24.uniform,NA,24,f,f,FALSE,NA,NA,TRUE,TRUE,Performing Arts,235
2011,B. Science (excl maths),f,"Employed, worked full-time",NA,0.7330861909175163,lfs.24.uniform,NA,24,f,f,FALSE,NA,NA,TRUE,TRUE,Science (excl maths),241
2011,B. Science (excl maths),f,"Employed, worked part-time",NA,0.16589434661723818,lfs.24.uniform,NA,24,f,f,FALSE,NA,NA,TRUE,TRUE,Science (excl maths),242
2011,B. Science (excl maths),f,"Employed, away from work",NA,0.04541241890639481,lfs.24.uniform,NA,24,f,f,FALSE,NA,NA,TRUE,TRUE,Science (excl maths),243
2011,B. Science (excl maths),f,Not in the labour force,NA,0.03243744207599629,lfs.24.uniform,NA,24,f,f,FALSE,NA,NA,TRUE,TRUE,Science (excl maths),244
2011,B. Science (excl maths),f,Unemployed,NA,0.023169601482854494,lfs.24.uniform,NA,24,f,f,FALSE,NA,NA,TRUE,TRUE,Science (excl maths),245
2011,Y12,f,"Employed, worked full-time",NA,0.5304711902704858,lfs.24.uniform,NA,24,f,f,FALSE,NA,NA,TRUE,TRUE,Y12,251
2011,Y12,f,"Employed, worked part-time",NA,0.18541902040273808,lfs.24.uniform,NA,24,f,f,FALSE,NA,NA,TRUE,TRUE,Y12,252
2011,Y12,f,"Employed, away from work",NA,0.04997673954941184,lfs.24.uniform,NA,24,f,f,FALSE,NA,NA,TRUE,TRUE,Y12,253
2011,Y12,f,Not in the labour force,NA,0.19359340732371902,lfs.24.uniform,NA,24,f,f,FALSE,NA,NA,TRUE,TRUE,Y12,254
2011,Y12,f,Unemployed,NA,0.04053964245364525,lfs.24.uniform,NA,24,f,f,FALSE,NA,NA,TRUE,TRUE,Y12,255
2016,B. Commerce,f,"Employed, worked full-time",NA,0.8204911092294666,lfs.24.uniform,NA,24,f,f,FALSE,NA,NA,TRUE,TRUE,Commerce,271
2016,B. Commerce,f,"Employed, worked part-time",NA,0.10203217612193057,lfs.24.uniform,NA,24,f,f,FALSE,NA,NA,TRUE,TRUE,Commerce,272
2016,B. Commerce,f,"Employed, away from work",NA,0.0285774767146486,lfs.24.uniform,NA,24,f,f,FALSE,NA,NA,TRUE,TRUE,Commerce,273
2016,B. Commerce,f,Not in the labour force,NA,0.02286198137171888,lfs.24.uniform,NA,24,f,f,FALSE,NA,NA,TRUE,TRUE,Commerce,274
2016,B. Commerce,f,Unemployed,NA,0.026037256562235395,lfs.24.uniform,NA,24,f,f,FALSE,NA,NA,TRUE,TRUE,Commerce,275
2016,B. Education,f,"Employed, worked full-time",NA,0.7600472813238771,lfs.24.uniform,NA,24,f,f,FALSE,NA,NA,TRUE,TRUE,Education,281
2016,B. Education,f,"Employed, worked part-time",NA,0.17470449172576832,lfs.24.uniform,NA,24,f,f,FALSE,NA,NA,TRUE,TRUE,Education,282
2016,B. Education,f,"Employed, away from work",NA,0.026713947990543736,lfs.24.uniform,NA,24,f,f,FALSE,NA,NA,TRUE,TRUE,Education,283
2016,B. Education,f,Not in the labour force,NA,0.030023640661938536,lfs.24.uniform,NA,24,f,f,FALSE,NA,NA,TRUE,TRUE,Education,284
2016,B. Education,f,Unemployed,NA,0.00851063829787234,lfs.24.uniform,NA,24,f,f,FALSE,NA,NA,TRUE,TRUE,Education,285
2016,B. Engineering,f,"Employed, worked full-time",NA,0.8241106719367589,lfs.24.uniform,NA,24,f,f,FALSE,NA,NA,TRUE,TRUE,Engineering,291
2016,B. Engineering,f,"Employed, worked part-time",NA,0.08893280632411067,lfs.24.uniform,NA,24,f,f,FALSE,NA,NA,TRUE,TRUE,Engineering,292
2016,B. Engineering,f,"Employed, away from work",NA,0.015810276679841896,lfs.24.uniform,NA,24,f,f,FALSE,NA,NA,TRUE,TRUE,Engineering,293
2016,B. Engineering,f,Not in the labour force,NA,0.021739130434782608,lfs.24.uniform,NA,24,f,f,FALSE,NA,NA,TRUE,TRUE,Engineering,294
2016,B. Engineering,f,Unemployed,NA,0.04940711462450593,lfs.24.uniform,NA,24,f,f,FALSE,NA,NA,TRUE,TRUE,Engineering,295
2016,B. Humanities,f,"Employed, worked full-time",NA,0.6026936026936027,lfs.24.uniform,NA,24,f,f,FALSE,NA,NA,TRUE,TRUE,Humanities,301
2016,B. Humanities,f,"Employed, worked part-time",NA,0.27441077441077444,lfs.24.uniform,NA,24,f,f,FALSE,NA,NA,TRUE,TRUE,Humanities,302
2016,B. Humanities,f,"Employed, away from work",NA,0.02356902356902357,lfs.24.uniform,NA,24,f,f,FALSE,NA,NA,TRUE,TRUE,Humanities,303
2016,B. Humanities,f,Not in the labour force,NA,0.04882154882154882,lfs.24.uniform,NA,24,f,f,FALSE,NA,NA,TRUE,TRUE,Humanities,304
2016,B. Humanities,f,Unemployed,NA,0.050505050505050504,lfs.24.uniform,NA,24,f,f,FALSE,NA,NA,TRUE,TRUE,Humanities,305
2016,B. IT,f,"Employed, worked full-time",NA,0.8287292817679558,lfs.24.uniform,NA,24,f,f,FALSE,NA,NA,TRUE,TRUE,IT,311
2016,B. IT,f,"Employed, worked part-time",NA,0.11602209944751381,lfs.24.uniform,NA,24,f,f,FALSE,NA,NA,TRUE,TRUE,IT,312
2016,B. IT,f,"Employed, away from work",NA,0.03314917127071823,lfs.24.uniform,NA,24,f,f,FALSE,NA,NA,TRUE,TRUE,IT,313
2016,B. IT,f,Not in the labour force,NA,0.0055248618784530384,lfs.24.uniform,NA,24,f,f,FALSE,NA,NA,TRUE,TRUE,IT,314
2016,B. IT,f,Unemployed,NA,0.016574585635359115,lfs.24.uniform,NA,24,f,f,FALSE,NA,NA,TRUE,TRUE,IT,315
2016,B. Law,f,"Employed, worked full-time",NA,0.8145416227608009,lfs.24.uniform,NA,24,f,f,FALSE,NA,NA,TRUE,TRUE,Law,321
2016,B. Law,f,"Employed, worked part-time",NA,0.10642781875658588,lfs.24.uniform,NA,24,f,f,FALSE,NA,NA,TRUE,TRUE,Law,322
2016,B. Law,f,"Employed, away from work",NA,0.0273972602739726,lfs.24.uniform,NA,24,f,f,FALSE,NA,NA,TRUE,TRUE,Law,323
2016,B. Law,f,Not in the labour force,NA,0.01791359325605901,lfs.24.uniform,NA,24,f,f,FALSE,NA,NA,TRUE,TRUE,Law,324
2016,B. Law,f,Unemployed,NA,0.03371970495258166,lfs.24.uniform,NA,24,f,f,FALSE,NA,NA,TRUE,TRUE,Law,325
2016,B. Medicine,f,"Employed, worked full-time",NA,0.9331210191082803,lfs.24.uniform,NA,24,f,f,FALSE,NA,NA,TRUE,TRUE,Medicine,331
2016,B. Medicine,f,"Employed, worked part-time",NA,0.03184713375796178,lfs.24.uniform,NA,24,f,f,FALSE,NA,NA,TRUE,TRUE,Medicine,332
2016,B. Medicine,f,"Employed, away from work",NA,0.03503184713375796,lfs.24.uniform,NA,24,f,f,FALSE,NA,NA,TRUE,TRUE,Medicine,333
2016,B. Medicine,f,Not in the labour force,NA,0,lfs.24.uniform,NA,24,f,f,FALSE,NA,NA,TRUE,TRUE,Medicine,334
2016,B. Medicine,f,Unemployed,NA,0,lfs.24.uniform,NA,24,f,f,FALSE,NA,NA,TRUE,TRUE,Medicine,335
2016,B. Nursing,f,"Employed, worked full-time",NA,0.596419853539463,lfs.24.uniform,NA,24,f,f,FALSE,NA,NA,TRUE,TRUE,Nursing,341
2016,B. Nursing,f,"Employed, worked part-time",NA,0.31814483319772174,lfs.24.uniform,NA,24,f,f,FALSE,NA,NA,TRUE,TRUE,Nursing,342
2016,B. Nursing,f,"Employed, away from work",NA,0.05777054515866558,lfs.24.uniform,NA,24,f,f,FALSE,NA,NA,TRUE,TRUE,Nursing,343
2016,B. Nursing,f,Not in the labour force,NA,0.02115541090317331,lfs.24.uniform,NA,24,f,f,FALSE,NA,NA,TRUE,TRUE,Nursing,344
2016,B. Nursing,f,Unemployed,NA,0.006509357200976403,lfs.24.uniform,NA,24,f,f,FALSE,NA,NA,TRUE,TRUE,Nursing,345
2016,B. Other health,f,"Employed, worked full-time",NA,0.7805755395683454,lfs.24.uniform,NA,24,f,f,FALSE,NA,NA,TRUE,TRUE,Other health,351
2016,B. Other health,f,"Employed, worked part-time",NA,0.1674660271782574,lfs.24.uniform,NA,24,f,f,FALSE,NA,NA,TRUE,TRUE,Other health,352
2016,B. Other health,f,"Employed, away from work",NA,0.023181454836131096,lfs.24.uniform,NA,24,f,f,FALSE,NA,NA,TRUE,TRUE,Other health,353
2016,B. Other health,f,Not in the labour force,NA,0.013189448441247002,lfs.24.uniform,NA,24,f,f,FALSE,NA,NA,TRUE,TRUE,Other health,354
2016,B. Other health,f,Unemployed,NA,0.015587529976019185,lfs.24.uniform,NA,24,f,f,FALSE,NA,NA,TRUE,TRUE,Other health,355
2016,B. Performing Arts,f,"Employed, worked full-time",NA,0.37694704049844235,lfs.24.uniform,NA,24,f,f,FALSE,NA,NA,TRUE,TRUE,Performing Arts,361
2016,B. Performing Arts,f,"Employed, worked part-time",NA,0.46105919003115264,lfs.24.uniform,NA,24,f,f,FALSE,NA,NA,TRUE,TRUE,Performing Arts,362
2016,B. Performing Arts,f,"Employed, away from work",NA,0.04672897196261682,lfs.24.uniform,NA,24,f,f,FALSE,NA,NA,TRUE,TRUE,Performing Arts,363
2016,B. Performing Arts,f,Not in the labour force,NA,0.056074766355140186,lfs.24.uniform,NA,24,f,f,FALSE,NA,NA,TRUE,TRUE,Performing Arts,364
2016,B. Performing Arts,f,Unemployed,NA,0.059190031152647975,lfs.24.uniform,NA,24,f,f,FALSE,NA,NA,TRUE,TRUE,Performing Arts,365
2016,B. Science (excl maths),f,"Employed, worked full-time",NA,0.6634782608695652,lfs.24.uniform,NA,24,f,f,FALSE,NA,NA,TRUE,TRUE,Science (excl maths),371
2016,B. Science (excl maths),f,"Employed, worked part-time",NA,0.24782608695652175,lfs.24.uniform,NA,24,f,f,FALSE,NA,NA,TRUE,TRUE,Science (excl maths),372
2016,B. Science (excl maths),f,"Employed, away from work",NA,0.013043478260869565,lfs.24.uniform,NA,24,f,f,FALSE,NA,NA,TRUE,TRUE,Science (excl maths),373
2016,B. Science (excl maths),f,Not in the labour force,NA,0.03739130434782609,lfs.24.uniform,NA,24,f,f,FALSE,NA,NA,TRUE,TRUE,Science (excl maths),374
2016,B. Science (excl maths),f,Unemployed,NA,0.03826086956521739,lfs.24.uniform,NA,24,f,f,FALSE,NA,NA,TRUE,TRUE,Science (excl maths),375
2016,Y12,f,"Employed, worked full-time",NA,0.4827854916406914,lfs.24.uniform,NA,24,f,f,FALSE,NA,NA,TRUE,TRUE,Y12,381
2016,Y12,f,"Employed, worked part-time",NA,0.2164210824596203,lfs.24.uniform,NA,24,f,f,FALSE,NA,NA,TRUE,TRUE,Y12,382
2016,Y12,f,"Employed, away from work",NA,0.04548030603570417,lfs.24.uniform,NA,24,f,f,FALSE,NA,NA,TRUE,TRUE,Y12,383
2016,Y12,f,Not in the labour force,NA,0.20055256446585434,lfs.24.uniform,NA,24,f,f,FALSE,NA,NA,TRUE,TRUE,Y12,384
2016,Y12,f,Unemployed,NA,0.05476055539812978,lfs.24.uniform,NA,24,f,f,FALSE,NA,NA,TRUE,TRUE,Y12,385
2006,B. all,f,"Employed, worked full-time",NA,0.7817313097245644,lfs.24.uniform,NA,24,f,f,FALSE,NA,NA,TRUE,TRUE,all,1
2006,B. all,f,"Employed, worked part-time",NA,0.13018549747048905,lfs.24.uniform,NA,24,f,f,FALSE,NA,NA,TRUE,TRUE,all,2
2006,B. all,f,"Employed, away from work",NA,0.04238336143901068,lfs.24.uniform,NA,24,f,f,FALSE,NA,NA,TRUE,TRUE,all,3
2006,B. all,f,Not in the labour force,NA,0.02894884766722878,lfs.24.uniform,NA,24,f,f,FALSE,NA,NA,TRUE,TRUE,all,4
2006,B. all,f,Unemployed,NA,0.016750983698707138,lfs.24.uniform,NA,24,f,f,FALSE,NA,NA,TRUE,TRUE,all,5
2006,Y12,f,"Employed, worked full-time",NA,0.5503196930946291,lfs.24.uniform,NA,24,f,f,FALSE,NA,NA,TRUE,TRUE,Y12,121
2006,Y12,f,"Employed, worked part-time",NA,0.17519181585677748,lfs.24.uniform,NA,24,f,f,FALSE,NA,NA,TRUE,TRUE,Y12,122
2006,Y12,f,"Employed, away from work",NA,0.04354219948849105,lfs.24.uniform,NA,24,f,f,FALSE,NA,NA,TRUE,TRUE,Y12,123
2006,Y12,f,Not in the labour force,NA,0.19494884910485932,lfs.24.uniform,NA,24,f,f,FALSE,NA,NA,TRUE,TRUE,Y12,124
2006,Y12,f,Unemployed,NA,0.035997442455242966,lfs.24.uniform,NA,24,f,f,FALSE,NA,NA,TRUE,TRUE,Y12,125
2011,B. all,f,"Employed, worked full-time",NA,0.7706337608919197,lfs.24.uniform,NA,24,f,f,FALSE,NA,NA,TRUE,TRUE,all,131
2011,B. all,f,"Employed, worked part-time",NA,0.1491584131623099,lfs.24.uniform,NA,24,f,f,FALSE,NA,NA,TRUE,TRUE,all,132
2011,B. all,f,"Employed, away from work",NA,0.035178871028846675,lfs.24.uniform,NA,24,f,f,FALSE,NA,NA,TRUE,TRUE,all,133
2011,B. all,f,Not in the labour force,NA,0.02679006332196785,lfs.24.uniform,NA,24,f,f,FALSE,NA,NA,TRUE,TRUE,all,134
2011,B. all,f,Unemployed,NA,0.01823889159495589,lfs.24.uniform,NA,24,f,f,FALSE,NA,NA,TRUE,TRUE,all,135
2011,Y12,f,"Employed, worked full-time",NA,0.5304711902704858,lfs.24.uniform,NA,24,f,f,FALSE,NA,NA,TRUE,TRUE,Y12,251
2011,Y12,f,"Employed, worked part-time",NA,0.18541902040273808,lfs.24.uniform,NA,24,f,f,FALSE,NA,NA,TRUE,TRUE,Y12,252
2011,Y12,f,"Employed, away from work",NA,0.04997673954941184,lfs.24.uniform,NA,24,f,f,FALSE,NA,NA,TRUE,TRUE,Y12,253
2011,Y12,f,Not in the labour force,NA,0.19359340732371902,lfs.24.uniform,NA,24,f,f,FALSE,NA,NA,TRUE,TRUE,Y12,254
2011,Y12,f,Unemployed,NA,0.04053964245364525,lfs.24.uniform,NA,24,f,f,FALSE,NA,NA,TRUE,TRUE,Y12,255
2016,B. all,f,"Employed, worked full-time",NA,0.738100921372989,lfs.24.uniform,NA,24,f,f,FALSE,NA,NA,TRUE,TRUE,all,261
2016,B. all,f,"Employed, worked part-time",NA,0.18289015133431996,lfs.24.uniform,NA,24,f,f,FALSE,NA,NA,TRUE,TRUE,all,262
2016,B. all,f,"Employed, away from work",NA,0.028786938463741824,lfs.24.uniform,NA,24,f,f,FALSE,NA,NA,TRUE,TRUE,all,263
2016,B. all,f,Not in the labour force,NA,0.025110994414474626,lfs.24.uniform,NA,24,f,f,FALSE,NA,NA,TRUE,TRUE,all,264
2016,B. all,f,Unemployed,NA,0.025110994414474626,lfs.24.uniform,NA,24,f,f,FALSE,NA,NA,TRUE,TRUE,all,265
2016,Y12,f,"Employed, worked full-time",NA,0.4827854916406914,lfs.24.uniform,NA,24,f,f,FALSE,NA,NA,TRUE,TRUE,Y12,381
2016,Y12,f,"Employed, worked part-time",NA,0.2164210824596203,lfs.24.uniform,NA,24,f,f,FALSE,NA,NA,TRUE,TRUE,Y12,382
2016,Y12,f,"Employed, away from work",NA,0.04548030603570417,lfs.24.uniform,NA,24,f,f,FALSE,NA,NA,TRUE,TRUE,Y12,383
2016,Y12,f,Not in the labour force,NA,0.20055256446585434,lfs.24.uniform,NA,24,f,f,FALSE,NA,NA,TRUE,TRUE,Y12,384
2016,Y12,f,Unemployed,NA,0.05476055539812978,lfs.24.uniform,NA,24,f,f,FALSE,NA,NA,TRUE,TRUE,Y12,385
2006,B. Commerce,m,"Employed, worked full-time",NA,0.8484937979917306,lfs.24.uniform,NA,24,m,m,FALSE,NA,Male,TRUE,TRUE,Commerce,16
2006,B. Commerce,m,"Employed, worked part-time",NA,0.07885410513880685,lfs.24.uniform,NA,24,m,m,FALSE,NA,Male,TRUE,TRUE,Commerce,17
2006,B. Commerce,m,"Employed, away from work",NA,0.03396337861783816,lfs.24.uniform,NA,24,m,m,FALSE,NA,Male,TRUE,TRUE,Commerce,18
2006,B. Commerce,m,Not in the labour force,NA,0.01535735380980508,lfs.24.uniform,NA,24,m,m,FALSE,NA,Male,TRUE,TRUE,Commerce,19
2006,B. Commerce,m,Unemployed,NA,0.023331364441819255,lfs.24.uniform,NA,24,m,m,FALSE,NA,Male,TRUE,TRUE,Commerce,20
2006,B. Education,m,"Employed, worked full-time",NA,0.7100977198697068,lfs.24.uniform,NA,24,m,m,FALSE,NA,Male,TRUE,TRUE,Education,26
2006,B. Education,m,"Employed, worked part-time",NA,0.2269272529858849,lfs.24.uniform,NA,24,m,m,FALSE,NA,Male,TRUE,TRUE,Education,27
2006,B. Education,m,"Employed, away from work",NA,0.03691639522258415,lfs.24.uniform,NA,24,m,m,FALSE,NA,Male,TRUE,TRUE,Education,28
2006,B. Education,m,Not in the labour force,NA,0.01737242128121607,lfs.24.uniform,NA,24,m,m,FALSE,NA,Male,TRUE,TRUE,Education,29
2006,B. Education,m,Unemployed,NA,0.008686210640608035,lfs.24.uniform,NA,24,m,m,FALSE,NA,Male,TRUE,TRUE,Education,30
2006,B. Engineering,m,"Employed, worked full-time",NA,0.9048804780876494,lfs.24.uniform,NA,24,m,m,FALSE,NA,Male,TRUE,TRUE,Engineering,36
2006,B. Engineering,m,"Employed, worked part-time",NA,0.04880478087649402,lfs.24.uniform,NA,24,m,m,FALSE,NA,Male,TRUE,TRUE,Engineering,37
2006,B. Engineering,m,"Employed, away from work",NA,0.014940239043824702,lfs.24.uniform,NA,24,m,m,FALSE,NA,Male,TRUE,TRUE,Engineering,38
2006,B. Engineering,m,Not in the labour force,NA,0.01045816733067729,lfs.24.uniform,NA,24,m,m,FALSE,NA,Male,TRUE,TRUE,Engineering,39
2006,B. Engineering,m,Unemployed,NA,0.02091633466135458,lfs.24.uniform,NA,24,m,m,FALSE,NA,Male,TRUE,TRUE,Engineering,40
2006,B. Humanities,m,"Employed, worked full-time",NA,0.6306620209059234,lfs.24.uniform,NA,24,m,m,FALSE,NA,Male,TRUE,TRUE,Humanities,46
2006,B. Humanities,m,"Employed, worked part-time",NA,0.21254355400696864,lfs.24.uniform,NA,24,m,m,FALSE,NA,Male,TRUE,TRUE,Humanities,47
2006,B. Humanities,m,"Employed, away from work",NA,0.03832752613240418,lfs.24.uniform,NA,24,m,m,FALSE,NA,Male,TRUE,TRUE,Humanities,48
2006,B. Humanities,m,Not in the labour force,NA,0.027874564459930314,lfs.24.uniform,NA,24,m,m,FALSE,NA,Male,TRUE,TRUE,Humanities,49
2006,B. Humanities,m,Unemployed,NA,0.09059233449477352,lfs.24.uniform,NA,24,m,m,FALSE,NA,Male,TRUE,TRUE,Humanities,50
2006,B. IT,m,"Employed, worked full-time",NA,0.8375,lfs.24.uniform,NA,24,m,m,FALSE,NA,Male,TRUE,TRUE,IT,56
2006,B. IT,m,"Employed, worked part-time",NA,0.0825,lfs.24.uniform,NA,24,m,m,FALSE,NA,Male,TRUE,TRUE,IT,57
2006,B. IT,m,"Employed, away from work",NA,0.0335,lfs.24.uniform,NA,24,m,m,FALSE,NA,Male,TRUE,TRUE,IT,58
2006,B. IT,m,Not in the labour force,NA,0.0135,lfs.24.uniform,NA,24,m,m,FALSE,NA,Male,TRUE,TRUE,IT,59
2006,B. IT,m,Unemployed,NA,0.033,lfs.24.uniform,NA,24,m,m,FALSE,NA,Male,TRUE,TRUE,IT,60
2006,B. Law,m,"Employed, worked full-time",NA,0.8755868544600939,lfs.24.uniform,NA,24,m,m,FALSE,NA,Male,TRUE,TRUE,Law,66
2006,B. Law,m,"Employed, worked part-time",NA,0.03990610328638498,lfs.24.uniform,NA,24,m,m,FALSE,NA,Male,TRUE,TRUE,Law,67
2006,B. Law,m,"Employed, away from work",NA,0.0539906103286385,lfs.24.uniform,NA,24,m,m,FALSE,NA,Male,TRUE,TRUE,Law,68
2006,B. Law,m,Not in the labour force,NA,0.018779342723004695,lfs.24.uniform,NA,24,m,m,FALSE,NA,Male,TRUE,TRUE,Law,69
2006,B. Law,m,Unemployed,NA,0.011737089201877934,lfs.24.uniform,NA,24,m,m,FALSE,NA,Male,TRUE,TRUE,Law,70
2006,B. Medicine,m,"Employed, worked full-time",NA,0.976,lfs.24.uniform,NA,24,m,m,FALSE,NA,Male,TRUE,TRUE,Medicine,76
2006,B. Medicine,m,"Employed, worked part-time",NA,0.024,lfs.24.uniform,NA,24,m,m,FALSE,NA,Male,TRUE,TRUE,Medicine,77
2006,B. Medicine,m,"Employed, away from work",NA,0,lfs.24.uniform,NA,24,m,m,FALSE,NA,Male,TRUE,TRUE,Medicine,78
2006,B. Medicine,m,Not in the labour force,NA,0,lfs.24.uniform,NA,24,m,m,FALSE,NA,Male,TRUE,TRUE,Medicine,79
2006,B. Medicine,m,Unemployed,NA,0,lfs.24.uniform,NA,24,m,m,FALSE,NA,Male,TRUE,TRUE,Medicine,80
2006,B. Nursing,m,"Employed, worked full-time",NA,0.7890625,lfs.24.uniform,NA,24,m,m,FALSE,NA,Male,TRUE,TRUE,Nursing,86
2006,B. Nursing,m,"Employed, worked part-time",NA,0.1015625,lfs.24.uniform,NA,24,m,m,FALSE,NA,Male,TRUE,TRUE,Nursing,87
2006,B. Nursing,m,"Employed, away from work",NA,0.0859375,lfs.24.uniform,NA,24,m,m,FALSE,NA,Male,TRUE,TRUE,Nursing,88
2006,B. Nursing,m,Not in the labour force,NA,0.0234375,lfs.24.uniform,NA,24,m,m,FALSE,NA,Male,TRUE,TRUE,Nursing,89
2006,B. Nursing,m,Unemployed,NA,0,lfs.24.uniform,NA,24,m,m,FALSE,NA,Male,TRUE,TRUE,Nursing,90
2006,B. Other health,m,"Employed, worked full-time",NA,0.855379188712522,lfs.24.uniform,NA,24,m,m,FALSE,NA,Male,TRUE,TRUE,Other health,96
2006,B. Other health,m,"Employed, worked part-time",NA,0.09347442680776014,lfs.24.uniform,NA,24,m,m,FALSE,NA,Male,TRUE,TRUE,Other health,97
2006,B. Other health,m,"Employed, away from work",NA,0.024691358024691357,lfs.24.uniform,NA,24,m,m,FALSE,NA,Male,TRUE,TRUE,Other health,98
2006,B. Other health,m,Not in the labour force,NA,0.021164021164021163,lfs.24.uniform,NA,24,m,m,FALSE,NA,Male,TRUE,TRUE,Other health,99
2006,B. Other health,m,Unemployed,NA,0.005291005291005291,lfs.24.uniform,NA,24,m,m,FALSE,NA,Male,TRUE,TRUE,Other health,100
2006,B. Performing Arts,m,"Employed, worked full-time",NA,0.46153846153846156,lfs.24.uniform,NA,24,m,m,FALSE,NA,Male,TRUE,TRUE,Performing Arts,106
2006,B. Performing Arts,m,"Employed, worked part-time",NA,0.4378698224852071,lfs.24.uniform,NA,24,m,m,FALSE,NA,Male,TRUE,TRUE,Performing Arts,107
2006,B. Performing Arts,m,"Employed, away from work",NA,0.05917159763313609,lfs.24.uniform,NA,24,m,m,FALSE,NA,Male,TRUE,TRUE,Performing Arts,108
2006,B. Performing Arts,m,Not in the labour force,NA,0.01775147928994083,lfs.24.uniform,NA,24,m,m,FALSE,NA,Male,TRUE,TRUE,Performing Arts,109
2006,B. Performing Arts,m,Unemployed,NA,0.023668639053254437,lfs.24.uniform,NA,24,m,m,FALSE,NA,Male,TRUE,TRUE,Performing Arts,110
2006,B. Science (excl maths),m,"Employed, worked full-time",NA,0.7942446043165468,lfs.24.uniform,NA,24,m,m,FALSE,NA,Male,TRUE,TRUE,Science (excl maths),116
2006,B. Science (excl maths),m,"Employed, worked part-time",NA,0.11798561151079137,lfs.24.uniform,NA,24,m,m,FALSE,NA,Male,TRUE,TRUE,Science (excl maths),117
2006,B. Science (excl maths),m,"Employed, away from work",NA,0.014388489208633094,lfs.24.uniform,NA,24,m,m,FALSE,NA,Male,TRUE,TRUE,Science (excl maths),118
2006,B. Science (excl maths),m,Not in the labour force,NA,0.031654676258992806,lfs.24.uniform,NA,24,m,m,FALSE,NA,Male,TRUE,TRUE,Science (excl maths),119
2006,B. Science (excl maths),m,Unemployed,NA,0.041726618705035974,lfs.24.uniform,NA,24,m,m,FALSE,NA,Male,TRUE,TRUE,Science (excl maths),120
2006,Y12,m,"Employed, worked full-time",NA,0.6919678468429772,lfs.24.uniform,NA,24,m,m,FALSE,NA,Male,TRUE,TRUE,Y12,126
2006,Y12,m,"Employed, worked part-time",NA,0.1257286617168804,lfs.24.uniform,NA,24,m,m,FALSE,NA,Male,TRUE,TRUE,Y12,127
2006,Y12,m,"Employed, away from work",NA,0.054734000122721976,lfs.24.uniform,NA,24,m,m,FALSE,NA,Male,TRUE,TRUE,Y12,128
2006,Y12,m,Not in the labour force,NA,0.06522672884579984,lfs.24.uniform,NA,24,m,m,FALSE,NA,Male,TRUE,TRUE,Y12,129
2006,Y12,m,Unemployed,NA,0.062342762471620544,lfs.24.uniform,NA,24,m,m,FALSE,NA,Male,TRUE,TRUE,Y12,130
2011,B. Commerce,m,"Employed, worked full-time",NA,0.8195296523517382,lfs.24.uniform,NA,24,m,m,FALSE,NA,Male,TRUE,TRUE,Commerce,146
2011,B. Commerce,m,"Employed, worked part-time",NA,0.07924335378323108,lfs.24.uniform,NA,24,m,m,FALSE,NA,Male,TRUE,TRUE,Commerce,147
2011,B. Commerce,m,"Employed, away from work",NA,0.03425357873210634,lfs.24.uniform,NA,24,m,m,FALSE,NA,Male,TRUE,TRUE,Commerce,148
2011,B. Commerce,m,Not in the labour force,NA,0.023773006134969327,lfs.24.uniform,NA,24,m,m,FALSE,NA,Male,TRUE,TRUE,Commerce,149
2011,B. Commerce,m,Unemployed,NA,0.04320040899795501,lfs.24.uniform,NA,24,m,m,FALSE,NA,Male,TRUE,TRUE,Commerce,150
2011,B. Education,m,"Employed, worked full-time",NA,0.7390829694323144,lfs.24.uniform,NA,24,m,m,FALSE,NA,Male,TRUE,TRUE,Education,156
2011,B. Education,m,"Employed, worked part-time",NA,0.21943231441048036,lfs.24.uniform,NA,24,m,m,FALSE,NA,Male,TRUE,TRUE,Education,157
2011,B. Education,m,"Employed, away from work",NA,0.019650655021834062,lfs.24.uniform,NA,24,m,m,FALSE,NA,Male,TRUE,TRUE,Education,158
2011,B. Education,m,Not in the labour force,NA,0.009825327510917031,lfs.24.uniform,NA,24,m,m,FALSE,NA,Male,TRUE,TRUE,Education,159
2011,B. Education,m,Unemployed,NA,0.012008733624454149,lfs.24.uniform,NA,24,m,m,FALSE,NA,Male,TRUE,TRUE,Education,160
2011,B. Engineering,m,"Employed, worked full-time",NA,0.866822429906542,lfs.24.uniform,NA,24,m,m,FALSE,NA,Male,TRUE,TRUE,Engineering,166
2011,B. Engineering,m,"Employed, worked part-time",NA,0.05841121495327103,lfs.24.uniform,NA,24,m,m,FALSE,NA,Male,TRUE,TRUE,Engineering,167
2011,B. Engineering,m,"Employed, away from work",NA,0.03130841121495327,lfs.24.uniform,NA,24,m,m,FALSE,NA,Male,TRUE,TRUE,Engineering,168
2011,B. Engineering,m,Not in the labour force,NA,0.009813084112149532,lfs.24.uniform,NA,24,m,m,FALSE,NA,Male,TRUE,TRUE,Engineering,169
2011,B. Engineering,m,Unemployed,NA,0.03364485981308411,lfs.24.uniform,NA,24,m,m,FALSE,NA,Male,TRUE,TRUE,Engineering,170
2011,B. Humanities,m,"Employed, worked full-time",NA,0.5981012658227848,lfs.24.uniform,NA,24,m,m,FALSE,NA,Male,TRUE,TRUE,Humanities,176
2011,B. Humanities,m,"Employed, worked part-time",NA,0.2626582278481013,lfs.24.uniform,NA,24,m,m,FALSE,NA,Male,TRUE,TRUE,Humanities,177
2011,B. Humanities,m,"Employed, away from work",NA,0.04746835443037975,lfs.24.uniform,NA,24,m,m,FALSE,NA,Male,TRUE,TRUE,Humanities,178
2011,B. Humanities,m,Not in the labour force,NA,0.028481012658227847,lfs.24.uniform,NA,24,m,m,FALSE,NA,Male,TRUE,TRUE,Humanities,179
2011,B. Humanities,m,Unemployed,NA,0.06329113924050633,lfs.24.uniform,NA,24,m,m,FALSE,NA,Male,TRUE,TRUE,Humanities,180
2011,B. IT,m,"Employed, worked full-time",NA,0.8106402164111812,lfs.24.uniform,NA,24,m,m,FALSE,NA,Male,TRUE,TRUE,IT,186
2011,B. IT,m,"Employed, worked part-time",NA,0.08926961226330027,lfs.24.uniform,NA,24,m,m,FALSE,NA,Male,TRUE,TRUE,IT,187
2011,B. IT,m,"Employed, away from work",NA,0.025247971145175834,lfs.24.uniform,NA,24,m,m,FALSE,NA,Male,TRUE,TRUE,IT,188
2011,B. IT,m,Not in the labour force,NA,0.031559963931469794,lfs.24.uniform,NA,24,m,m,FALSE,NA,Male,TRUE,TRUE,IT,189
2011,B. IT,m,Unemployed,NA,0.04328223624887286,lfs.24.uniform,NA,24,m,m,FALSE,NA,Male,TRUE,TRUE,IT,190
2011,B. Law,m,"Employed, worked full-time",NA,0.8346007604562737,lfs.24.uniform,NA,24,m,m,FALSE,NA,Male,TRUE,TRUE,Law,196
2011,B. Law,m,"Employed, worked part-time",NA,0.07224334600760456,lfs.24.uniform,NA,24,m,m,FALSE,NA,Male,TRUE,TRUE,Law,197
2011,B. Law,m,"Employed, away from work",NA,0.022813688212927757,lfs.24.uniform,NA,24,m,m,FALSE,NA,Male,TRUE,TRUE,Law,198
2011,B. Law,m,Not in the labour force,NA,0.03612167300380228,lfs.24.uniform,NA,24,m,m,FALSE,NA,Male,TRUE,TRUE,Law,199
2011,B. Law,m,Unemployed,NA,0.034220532319391636,lfs.24.uniform,NA,24,m,m,FALSE,NA,Male,TRUE,TRUE,Law,200
2011,B. Medicine,m,"Employed, worked full-time",NA,0.9333333333333333,lfs.24.uniform,NA,24,m,m,FALSE,NA,Male,TRUE,TRUE,Medicine,206
2011,B. Medicine,m,"Employed, worked part-time",NA,0.035897435897435895,lfs.24.uniform,NA,24,m,m,FALSE,NA,Male,TRUE,TRUE,Medicine,207
2011,B. Medicine,m,"Employed, away from work",NA,0.03076923076923077,lfs.24.uniform,NA,24,m,m,FALSE,NA,Male,TRUE,TRUE,Medicine,208
2011,B. Medicine,m,Not in the labour force,NA,0,lfs.24.uniform,NA,24,m,m,FALSE,NA,Male,TRUE,TRUE,Medicine,209
2011,B. Medicine,m,Unemployed,NA,0,lfs.24.uniform,NA,24,m,m,FALSE,NA,Male,TRUE,TRUE,Medicine,210
2011,B. Nursing,m,"Employed, worked full-time",NA,0.7727272727272727,lfs.24.uniform,NA,24,m,m,FALSE,NA,Male,TRUE,TRUE,Nursing,216
2011,B. Nursing,m,"Employed, worked part-time",NA,0.14772727272727273,lfs.24.uniform,NA,24,m,m,FALSE,NA,Male,TRUE,TRUE,Nursing,217
2011,B. Nursing,m,"Employed, away from work",NA,0.0625,lfs.24.uniform,NA,24,m,m,FALSE,NA,Male,TRUE,TRUE,Nursing,218
2011,B. Nursing,m,Not in the labour force,NA,0,lfs.24.uniform,NA,24,m,m,FALSE,NA,Male,TRUE,TRUE,Nursing,219
2011,B. Nursing,m,Unemployed,NA,0.017045454545454544,lfs.24.uniform,NA,24,m,m,FALSE,NA,Male,TRUE,TRUE,Nursing,220
2011,B. Other health,m,"Employed, worked full-time",NA,0.7950310559006211,lfs.24.uniform,NA,24,m,m,FALSE,NA,Male,TRUE,TRUE,Other health,226
2011,B. Other health,m,"Employed, worked part-time",NA,0.12298136645962733,lfs.24.uniform,NA,24,m,m,FALSE,NA,Male,TRUE,TRUE,Other health,227
2011,B. Other health,m,"Employed, away from work",NA,0.05093167701863354,lfs.24.uniform,NA,24,m,m,FALSE,NA,Male,TRUE,TRUE,Other health,228
2011,B. Other health,m,Not in the labour force,NA,0.012422360248447204,lfs.24.uniform,NA,24,m,m,FALSE,NA,Male,TRUE,TRUE,Other health,229
2011,B. Other health,m,Unemployed,NA,0.018633540372670808,lfs.24.uniform,NA,24,m,m,FALSE,NA,Male,TRUE,TRUE,Other health,230
2011,B. Performing Arts,m,"Employed, worked full-time",NA,0.3888888888888889,lfs.24.uniform,NA,24,m,m,FALSE,NA,Male,TRUE,TRUE,Performing Arts,236
2011,B. Performing Arts,m,"Employed, worked part-time",NA,0.4700854700854701,lfs.24.uniform,NA,24,m,m,FALSE,NA,Male,TRUE,TRUE,Performing Arts,237
2011,B. Performing Arts,m,"Employed, away from work",NA,0.03418803418803419,lfs.24.uniform,NA,24,m,m,FALSE,NA,Male,TRUE,TRUE,Performing Arts,238
2011,B. Performing Arts,m,Not in the labour force,NA,0.038461538461538464,lfs.24.uniform,NA,24,m,m,FALSE,NA,Male,TRUE,TRUE,Performing Arts,239
2011,B. Performing Arts,m,Unemployed,NA,0.06837606837606838,lfs.24.uniform,NA,24,m,m,FALSE,NA,Male,TRUE,TRUE,Performing Arts,240
2011,B. Science (excl maths),m,"Employed, worked full-time",NA,0.7217847769028871,lfs.24.uniform,NA,24,m,m,FALSE,NA,Male,TRUE,TRUE,Science (excl maths),246
2011,B. Science (excl maths),m,"Employed, worked part-time",NA,0.16141732283464566,lfs.24.uniform,NA,24,m,m,FALSE,NA,Male,TRUE,TRUE,Science (excl maths),247
2011,B. Science (excl maths),m,"Employed, away from work",NA,0.02230971128608924,lfs.24.uniform,NA,24,m,m,FALSE,NA,Male,TRUE,TRUE,Science (excl maths),248
2011,B. Science (excl maths),m,Not in the labour force,NA,0.027559055118110236,lfs.24.uniform,NA,24,m,m,FALSE,NA,Male,TRUE,TRUE,Science (excl maths),249
2011,B. Science (excl maths),m,Unemployed,NA,0.06692913385826772,lfs.24.uniform,NA,24,m,m,FALSE,NA,Male,TRUE,TRUE,Science (excl maths),250
2011,Y12,m,"Employed, worked full-time",NA,0.6583756034956915,lfs.24.uniform,NA,24,m,m,FALSE,NA,Male,TRUE,TRUE,Y12,256
2011,Y12,m,"Employed, worked part-time",NA,0.14135549715822282,lfs.24.uniform,NA,24,m,m,FALSE,NA,Male,TRUE,TRUE,Y12,257
2011,Y12,m,"Employed, away from work",NA,0.04852410927091609,lfs.24.uniform,NA,24,m,m,FALSE,NA,Male,TRUE,TRUE,Y12,258
2011,Y12,m,Not in the labour force,NA,0.08201430055613274,lfs.24.uniform,NA,24,m,m,FALSE,NA,Male,TRUE,TRUE,Y12,259
2011,Y12,m,Unemployed,NA,0.06973048951903685,lfs.24.uniform,NA,24,m,m,FALSE,NA,Male,TRUE,TRUE,Y12,260
2016,B. Commerce,m,"Employed, worked full-time",NA,0.8038936372269706,lfs.24.uniform,NA,24,m,m,FALSE,NA,Male,TRUE,TRUE,Commerce,276
2016,B. Commerce,m,"Employed, worked part-time",NA,0.10778727445394112,lfs.24.uniform,NA,24,m,m,FALSE,NA,Male,TRUE,TRUE,Commerce,277
2016,B. Commerce,m,"Employed, away from work",NA,0.019705603038936374,lfs.24.uniform,NA,24,m,m,FALSE,NA,Male,TRUE,TRUE,Commerce,278
2016,B. Commerce,m,Not in the labour force,NA,0.021604938271604937,lfs.24.uniform,NA,24,m,m,FALSE,NA,Male,TRUE,TRUE,Commerce,279
2016,B. Commerce,m,Unemployed,NA,0.04700854700854701,lfs.24.uniform,NA,24,m,m,FALSE,NA,Male,TRUE,TRUE,Commerce,280
2016,B. Education,m,"Employed, worked full-time",NA,0.75,lfs.24.uniform,NA,24,m,m,FALSE,NA,Male,TRUE,TRUE,Education,286
2016,B. Education,m,"Employed, worked part-time",NA,0.21595744680851064,lfs.24.uniform,NA,24,m,m,FALSE,NA,Male,TRUE,TRUE,Education,287
2016,B. Education,m,"Employed, away from work",NA,0.015957446808510637,lfs.24.uniform,NA,24,m,m,FALSE,NA,Male,TRUE,TRUE,Education,288
2016,B. Education,m,Not in the labour force,NA,0.009574468085106383,lfs.24.uniform,NA,24,m,m,FALSE,NA,Male,TRUE,TRUE,Education,289
2016,B. Education,m,Unemployed,NA,0.00851063829787234,lfs.24.uniform,NA,24,m,m,FALSE,NA,Male,TRUE,TRUE,Education,290
2016,B. Engineering,m,"Employed, worked full-time",NA,0.8171206225680934,lfs.24.uniform,NA,24,m,m,FALSE,NA,Male,TRUE,TRUE,Engineering,296
2016,B. Engineering,m,"Employed, worked part-time",NA,0.09105058365758754,lfs.24.uniform,NA,24,m,m,FALSE,NA,Male,TRUE,TRUE,Engineering,297
2016,B. Engineering,m,"Employed, away from work",NA,0.016731517509727626,lfs.24.uniform,NA,24,m,m,FALSE,NA,Male,TRUE,TRUE,Engineering,298
2016,B. Engineering,m,Not in the labour force,NA,0.0245136186770428,lfs.24.uniform,NA,24,m,m,FALSE,NA,Male,TRUE,TRUE,Engineering,299
2016,B. Engineering,m,Unemployed,NA,0.05058365758754864,lfs.24.uniform,NA,24,m,m,FALSE,NA,Male,TRUE,TRUE,Engineering,300
2016,B. Humanities,m,"Employed, worked full-time",NA,0.5743589743589743,lfs.24.uniform,NA,24,m,m,FALSE,NA,Male,TRUE,TRUE,Humanities,306
2016,B. Humanities,m,"Employed, worked part-time",NA,0.24102564102564103,lfs.24.uniform,NA,24,m,m,FALSE,NA,Male,TRUE,TRUE,Humanities,307
2016,B. Humanities,m,"Employed, away from work",NA,0.03333333333333333,lfs.24.uniform,NA,24,m,m,FALSE,NA,Male,TRUE,TRUE,Humanities,308
2016,B. Humanities,m,Not in the labour force,NA,0.04358974358974359,lfs.24.uniform,NA,24,m,m,FALSE,NA,Male,TRUE,TRUE,Humanities,309
2016,B. Humanities,m,Unemployed,NA,0.1076923076923077,lfs.24.uniform,NA,24,m,m,FALSE,NA,Male,TRUE,TRUE,Humanities,310
2016,B. IT,m,"Employed, worked full-time",NA,0.749613601236476,lfs.24.uniform,NA,24,m,m,FALSE,NA,Male,TRUE,TRUE,IT,316
2016,B. IT,m,"Employed, worked part-time",NA,0.13446676970633695,lfs.24.uniform,NA,24,m,m,FALSE,NA,Male,TRUE,TRUE,IT,317
2016,B. IT,m,"Employed, away from work",NA,0.021638330757341576,lfs.24.uniform,NA,24,m,m,FALSE,NA,Male,TRUE,TRUE,IT,318
2016,B. IT,m,Not in the labour force,NA,0.02472952086553323,lfs.24.uniform,NA,24,m,m,FALSE,NA,Male,TRUE,TRUE,IT,319
2016,B. IT,m,Unemployed,NA,0.0695517774343122,lfs.24.uniform,NA,24,m,m,FALSE,NA,Male,TRUE,TRUE,IT,320
2016,B. Law,m,"Employed, worked full-time",NA,0.7628676470588235,lfs.24.uniform,NA,24,m,m,FALSE,NA,Male,TRUE,TRUE,Law,326
2016,B. Law,m,"Employed, worked part-time",NA,0.13419117647058823,lfs.24.uniform,NA,24,m,m,FALSE,NA,Male,TRUE,TRUE,Law,327
2016,B. Law,m,"Employed, away from work",NA,0.025735294117647058,lfs.24.uniform,NA,24,m,m,FALSE,NA,Male,TRUE,TRUE,Law,328
2016,B. Law,m,Not in the labour force,NA,0.029411764705882353,lfs.24.uniform,NA,24,m,m,FALSE,NA,Male,TRUE,TRUE,Law,329
2016,B. Law,m,Unemployed,NA,0.04779411764705882,lfs.24.uniform,NA,24,m,m,FALSE,NA,Male,TRUE,TRUE,Law,330
2016,B. Medicine,m,"Employed, worked full-time",NA,0.9391634980988594,lfs.24.uniform,NA,24,m,m,FALSE,NA,Male,TRUE,TRUE,Medicine,336
2016,B. Medicine,m,"Employed, worked part-time",NA,0.015209125475285171,lfs.24.uniform,NA,24,m,m,FALSE,NA,Male,TRUE,TRUE,Medicine,337
2016,B. Medicine,m,"Employed, away from work",NA,0.026615969581749048,lfs.24.uniform,NA,24,m,m,FALSE,NA,Male,TRUE,TRUE,Medicine,338
2016,B. Medicine,m,Not in the labour force,NA,0.019011406844106463,lfs.24.uniform,NA,24,m,m,FALSE,NA,Male,TRUE,TRUE,Medicine,339
2016,B. Medicine,m,Unemployed,NA,0,lfs.24.uniform,NA,24,m,m,FALSE,NA,Male,TRUE,TRUE,Medicine,340
2016,B. Nursing,m,"Employed, worked full-time",NA,0.6788990825688074,lfs.24.uniform,NA,24,m,m,FALSE,NA,Male,TRUE,TRUE,Nursing,346
2016,B. Nursing,m,"Employed, worked part-time",NA,0.26605504587155965,lfs.24.uniform,NA,24,m,m,FALSE,NA,Male,TRUE,TRUE,Nursing,347
2016,B. Nursing,m,"Employed, away from work",NA,0.03669724770642202,lfs.24.uniform,NA,24,m,m,FALSE,NA,Male,TRUE,TRUE,Nursing,348
2016,B. Nursing,m,Not in the labour force,NA,0.01834862385321101,lfs.24.uniform,NA,24,m,m,FALSE,NA,Male,TRUE,TRUE,Nursing,349
2016,B. Nursing,m,Unemployed,NA,0,lfs.24.uniform,NA,24,m,m,FALSE,NA,Male,TRUE,TRUE,Nursing,350
2016,B. Other health,m,"Employed, worked full-time",NA,0.7631840796019901,lfs.24.uniform,NA,24,m,m,FALSE,NA,Male,TRUE,TRUE,Other health,356
2016,B. Other health,m,"Employed, worked part-time",NA,0.1761194029850746,lfs.24.uniform,NA,24,m,m,FALSE,NA,Male,TRUE,TRUE,Other health,357
2016,B. Other health,m,"Employed, away from work",NA,0.025870646766169153,lfs.24.uniform,NA,24,m,m,FALSE,NA,Male,TRUE,TRUE,Other health,358
2016,B. Other health,m,Not in the labour force,NA,0.01890547263681592,lfs.24.uniform,NA,24,m,m,FALSE,NA,Male,TRUE,TRUE,Other health,359
2016,B. Other health,m,Unemployed,NA,0.015920398009950248,lfs.24.uniform,NA,24,m,m,FALSE,NA,Male,TRUE,TRUE,Other health,360
2016,B. Performing Arts,m,"Employed, worked full-time",NA,0.3486238532110092,lfs.24.uniform,NA,24,m,m,FALSE,NA,Male,TRUE,TRUE,Performing Arts,366
2016,B. Performing Arts,m,"Employed, worked part-time",NA,0.5229357798165137,lfs.24.uniform,NA,24,m,m,FALSE,NA,Male,TRUE,TRUE,Performing Arts,367
2016,B. Performing Arts,m,"Employed, away from work",NA,0.027522935779816515,lfs.24.uniform,NA,24,m,m,FALSE,NA,Male,TRUE,TRUE,Performing Arts,368
2016,B. Performing Arts,m,Not in the labour force,NA,0.06422018348623854,lfs.24.uniform,NA,24,m,m,FALSE,NA,Male,TRUE,TRUE,Performing Arts,369
2016,B. Performing Arts,m,Unemployed,NA,0.03669724770642202,lfs.24.uniform,NA,24,m,m,FALSE,NA,Male,TRUE,TRUE,Performing Arts,370
2016,B. Science (excl maths),m,"Employed, worked full-time",NA,0.5986471251409244,lfs.24.uniform,NA,24,m,m,FALSE,NA,Male,TRUE,TRUE,Science (excl maths),376
2016,B. Science (excl maths),m,"Employed, worked part-time",NA,0.237880496054115,lfs.24.uniform,NA,24,m,m,FALSE,NA,Male,TRUE,TRUE,Science (excl maths),377
2016,B. Science (excl maths),m,"Employed, away from work",NA,0.036076662908680945,lfs.24.uniform,NA,24,m,m,FALSE,NA,Male,TRUE,TRUE,Science (excl maths),378
2016,B. Science (excl maths),m,Not in the labour force,NA,0.048478015783540024,lfs.24.uniform,NA,24,m,m,FALSE,NA,Male,TRUE,TRUE,Science (excl maths),379
2016,B. Science (excl maths),m,Unemployed,NA,0.07891770011273957,lfs.24.uniform,NA,24,m,m,FALSE,NA,Male,TRUE,TRUE,Science (excl maths),380
2016,Y12,m,"Employed, worked full-time",NA,0.5705673758865248,lfs.24.uniform,NA,24,m,m,FALSE,NA,Male,TRUE,TRUE,Y12,386
2016,Y12,m,"Employed, worked part-time",NA,0.19296690307328604,lfs.24.uniform,NA,24,m,m,FALSE,NA,Male,TRUE,TRUE,Y12,387
2016,Y12,m,"Employed, away from work",NA,0.03723404255319149,lfs.24.uniform,NA,24,m,m,FALSE,NA,Male,TRUE,TRUE,Y12,388
2016,Y12,m,Not in the labour force,NA,0.11270685579196217,lfs.24.uniform,NA,24,m,m,FALSE,NA,Male,TRUE,TRUE,Y12,389
2016,Y12,m,Unemployed,NA,0.08652482269503546,lfs.24.uniform,NA,24,m,m,FALSE,NA,Male,TRUE,TRUE,Y12,390
2006,B. all,m,"Employed, worked full-time",NA,0.8240375744359641,lfs.24.uniform,NA,24,m,m,FALSE,NA,Male,TRUE,TRUE,all,6
2006,B. all,m,"Employed, worked part-time",NA,0.10307808437473791,lfs.24.uniform,NA,24,m,m,FALSE,NA,Male,TRUE,TRUE,all,7
2006,B. all,m,"Employed, away from work",NA,0.02985825715004613,lfs.24.uniform,NA,24,m,m,FALSE,NA,Male,TRUE,TRUE,all,8
2006,B. all,m,Not in the labour force,NA,0.016522687243143503,lfs.24.uniform,NA,24,m,m,FALSE,NA,Male,TRUE,TRUE,all,9
2006,B. all,m,Unemployed,NA,0.026503396796108362,lfs.24.uniform,NA,24,m,m,FALSE,NA,Male,TRUE,TRUE,all,10
2006,Y12,m,"Employed, worked full-time",NA,0.6919678468429772,lfs.24.uniform,NA,24,m,m,FALSE,NA,Male,TRUE,TRUE,Y12,126
2006,Y12,m,"Employed, worked part-time",NA,0.1257286617168804,lfs.24.uniform,NA,24,m,m,FALSE,NA,Male,TRUE,TRUE,Y12,127
2006,Y12,m,"Employed, away from work",NA,0.054734000122721976,lfs.24.uniform,NA,24,m,m,FALSE,NA,Male,TRUE,TRUE,Y12,128
2006,Y12,m,Not in the labour force,NA,0.06522672884579984,lfs.24.uniform,NA,24,m,m,FALSE,NA,Male,TRUE,TRUE,Y12,129
2006,Y12,m,Unemployed,NA,0.062342762471620544,lfs.24.uniform,NA,24,m,m,FALSE,NA,Male,TRUE,TRUE,Y12,130
2011,B. all,m,"Employed, worked full-time",NA,0.7873169955442393,lfs.24.uniform,NA,24,m,m,FALSE,NA,Male,TRUE,TRUE,all,136
2011,B. all,m,"Employed, worked part-time",NA,0.11935073201782304,lfs.24.uniform,NA,24,m,m,FALSE,NA,Male,TRUE,TRUE,all,137
2011,B. all,m,"Employed, away from work",NA,0.03126989178866964,lfs.24.uniform,NA,24,m,m,FALSE,NA,Male,TRUE,TRUE,all,138
2011,B. all,m,Not in the labour force,NA,0.02188096753660089,lfs.24.uniform,NA,24,m,m,FALSE,NA,Male,TRUE,TRUE,all,139
2011,B. all,m,Unemployed,NA,0.04018141311266709,lfs.24.uniform,NA,24,m,m,FALSE,NA,Male,TRUE,TRUE,all,140
2011,Y12,m,"Employed, worked full-time",NA,0.6583756034956915,lfs.24.uniform,NA,24,m,m,FALSE,NA,Male,TRUE,TRUE,Y12,256
2011,Y12,m,"Employed, worked part-time",NA,0.14135549715822282,lfs.24.uniform,NA,24,m,m,FALSE,NA,Male,TRUE,TRUE,Y12,257
2011,Y12,m,"Employed, away from work",NA,0.04852410927091609,lfs.24.uniform,NA,24,m,m,FALSE,NA,Male,TRUE,TRUE,Y12,258
2011,Y12,m,Not in the labour force,NA,0.08201430055613274,lfs.24.uniform,NA,24,m,m,FALSE,NA,Male,TRUE,TRUE,Y12,259
2011,Y12,m,Unemployed,NA,0.06973048951903685,lfs.24.uniform,NA,24,m,m,FALSE,NA,Male,TRUE,TRUE,Y12,260
2016,B. all,m,"Employed, worked full-time",NA,0.7384742609055199,lfs.24.uniform,NA,24,m,m,FALSE,NA,Male,TRUE,TRUE,all,266
2016,B. all,m,"Employed, worked part-time",NA,0.16160154365653642,lfs.24.uniform,NA,24,m,m,FALSE,NA,Male,TRUE,TRUE,all,267
2016,B. all,m,"Employed, away from work",NA,0.021294190614016953,lfs.24.uniform,NA,24,m,m,FALSE,NA,Male,TRUE,TRUE,all,268
2016,B. all,m,Not in the labour force,NA,0.026738336434429053,lfs.24.uniform,NA,24,m,m,FALSE,NA,Male,TRUE,TRUE,all,269
2016,B. all,m,Unemployed,NA,0.051891668389497624,lfs.24.uniform,NA,24,m,m,FALSE,NA,Male,TRUE,TRUE,all,270
2016,Y12,m,"Employed, worked full-time",NA,0.5705673758865248,lfs.24.uniform,NA,24,m,m,FALSE,NA,Male,TRUE,TRUE,Y12,386
2016,Y12,m,"Employed, worked part-time",NA,0.19296690307328604,lfs.24.uniform,NA,24,m,m,FALSE,NA,Male,TRUE,TRUE,Y12,387
2016,Y12,m,"Employed, away from work",NA,0.03723404255319149,lfs.24.uniform,NA,24,m,m,FALSE,NA,Male,TRUE,TRUE,Y12,388
2016,Y12,m,Not in the labour force,NA,0.11270685579196217,lfs.24.uniform,NA,24,m,m,FALSE,NA,Male,TRUE,TRUE,Y12,389
2016,Y12,m,Unemployed,NA,0.08652482269503546,lfs.24.uniform,NA,24,m,m,FALSE,NA,Male,TRUE,TRUE,Y12,390
